-- Realistic Reflexive Journal, Codes, Code Applications and Memos seed for Test Project 1.
-- Project record ID: recgdpwEI5hF07bUZ
-- Local project ID: d04ab32e-6756-408e-a649-6859dd0079f2

CREATE TABLE IF NOT EXISTS "journal_entries" ("record_id" TEXT PRIMARY KEY, "project" TEXT, "category" TEXT, "content" TEXT, "tags" TEXT, "createdat" TEXT, "local_project_id" TEXT);
CREATE TABLE IF NOT EXISTS "memos" ("record_id" TEXT, "project" TEXT, "type" TEXT, "title" TEXT, "body" TEXT, "createdat" TEXT, "local_project_id" TEXT, "local_memo_id" TEXT PRIMARY KEY);
CREATE TABLE IF NOT EXISTS "codes" ("record_id" TEXT, "project" TEXT, "name" TEXT, "description" TEXT, "parentcode" TEXT, "colour" TEXT, "createdat" TEXT, "local_project_id" TEXT, "local_code_id" TEXT PRIMARY KEY);
CREATE TABLE IF NOT EXISTS "code_applications" ("record_id" TEXT, "project" TEXT, "entry" TEXT, "code" TEXT, "excerpt" TEXT, "createdat" TEXT, "local_project_id" TEXT, "local_application_id" TEXT PRIMARY KEY);

CREATE INDEX IF NOT EXISTS idx_journal_entries_test_project_1_local_project_id ON journal_entries(local_project_id);
CREATE INDEX IF NOT EXISTS idx_memos_test_project_1_local_project_id ON memos(local_project_id);
CREATE INDEX IF NOT EXISTS idx_codes_test_project_1_local_project_id ON codes(local_project_id);
CREATE INDEX IF NOT EXISTS idx_code_applications_test_project_1_local_project_id ON code_applications(local_project_id);
CREATE INDEX IF NOT EXISTS idx_code_applications_test_project_1_entry ON code_applications(entry);
CREATE INDEX IF NOT EXISTS idx_code_applications_test_project_1_code ON code_applications(code);

INSERT INTO journal_entries (record_id, project, category, content, tags, createdat, local_project_id) VALUES
('d1tp1_journal_001', 'recgdpwEI5hF07bUZ', 'perceptions', 'The team is beginning to see research evidence as an operating model rather than a set of documents. People trust findings more when they can see where an observation came from, what is still uncertain and which decision it was meant to support.', '["evidence-readiness","confidence","decision-support"]', '2026-06-03T09:15:00.000Z', 'd04ab32e-6756-408e-a649-6859dd0079f2'),
('d1tp1_journal_002', 'recgdpwEI5hF07bUZ', 'procedures', 'The weekly intake meeting now checks every new research request for the decision it supports, the evidence already available, the recruitment route and any delivery deadline before work is accepted.', '["triage","request-intake","planning"]', '2026-06-03T14:40:00.000Z', 'd04ab32e-6756-408e-a649-6859dd0079f2'),
('d1tp1_journal_003', 'recgdpwEI5hF07bUZ', 'decisions', 'We decided to keep operations tracking separate from qualitative synthesis. Recruitment status and scheduling need to stay visible, but coding and memo writing should remain in the analysis space with links back to decisions.', '["decision-trace","operations","synthesis"]', '2026-06-04T10:05:00.000Z', 'd04ab32e-6756-408e-a649-6859dd0079f2'),
('d1tp1_journal_004', 'recgdpwEI5hF07bUZ', 'introspections', 'The strongest value of the platform may be that it slows down the right decisions while making routine research administration easier to manage. That slower pace is uncomfortable, but it is also where the quality improves.', '["reflection","governance","decision-quality"]', '2026-06-04T16:20:00.000Z', 'd04ab32e-6756-408e-a649-6859dd0079f2'),
('d1tp1_journal_005', 'recgdpwEI5hF07bUZ', 'procedures', 'Recruitment planning exposed a gap between the participant access needs recorded by delivery teams and the practical adjustments researchers need before a session. We added a check for access needs before diary invitations are sent.', '["recruitment","access-needs","participant-support"]', '2026-06-05T09:30:00.000Z', 'd04ab32e-6756-408e-a649-6859dd0079f2'),
('d1tp1_journal_006', 'recgdpwEI5hF07bUZ', 'perceptions', 'Several researchers described losing the thread when they moved between the project dashboard, notes, spreadsheets and mural boards. The issue is not only tool count; it is the mental effort of rebuilding context every time.', '["context-rebuilding","tool-switching","researcher-workload"]', '2026-06-05T13:10:00.000Z', 'd04ab32e-6756-408e-a649-6859dd0079f2'),
('d1tp1_journal_007', 'recgdpwEI5hF07bUZ', 'introspections', 'I noticed that I was treating missing provenance as a delivery inconvenience rather than an analytical risk. If we cannot tell who contributed an insight or when it was last reviewed, we should lower our confidence in decisions that depend on it.', '["provenance","positionality","confidence"]', '2026-06-06T11:45:00.000Z', 'd04ab32e-6756-408e-a649-6859dd0079f2'),
('d1tp1_journal_008', 'recgdpwEI5hF07bUZ', 'decisions', 'The team agreed that high-risk service decisions need an evidence handover note before they move to implementation. The note should capture the decision, supporting findings, known gaps and the researcher confidence level.', '["handover","decision-rationale","confidence-threshold"]', '2026-06-06T15:25:00.000Z', 'd04ab32e-6756-408e-a649-6859dd0079f2'),
('d1tp1_journal_009', 'recgdpwEI5hF07bUZ', 'procedures', 'We added a short pause before contacting participants whose circumstances may make participation burdensome. The pause gives the researcher time to review consent wording, support options and whether the invitation should be delayed.', '["consent","ethical-pacing","participant-burden"]', '2026-06-07T10:10:00.000Z', 'd04ab32e-6756-408e-a649-6859dd0079f2'),
('d1tp1_journal_010', 'recgdpwEI5hF07bUZ', 'perceptions', 'The dashboard is useful when it shows what changed since the last visit. Researchers do not need another place to duplicate updates; they need a way to re-enter the project without reading every artefact again.', '["duplicate-updates","context-rebuilding","dashboard"]', '2026-06-07T14:55:00.000Z', 'd04ab32e-6756-408e-a649-6859dd0079f2'),
('d1tp1_journal_011', 'recgdpwEI5hF07bUZ', 'introspections', 'The emotional labour of holding uncertainty for a project team is becoming more visible. Researchers are being asked for certainty before the evidence is ready, and the platform needs to legitimise saying that confidence is not yet high enough.', '["emotional-labour","uncertainty","confidence-threshold"]', '2026-06-08T09:50:00.000Z', 'd04ab32e-6756-408e-a649-6859dd0079f2'),
('d1tp1_journal_012', 'recgdpwEI5hF07bUZ', 'decisions', 'We agreed to show code co-occurrence as a prompt for interpretation, not as proof of a relationship. The graph should help researchers notice patterns, then return to journal entries and memos to check the meaning.', '["co-occurrence","analysis-practice","interpretation"]', '2026-06-08T16:35:00.000Z', 'd04ab32e-6756-408e-a649-6859dd0079f2')
ON CONFLICT(record_id) DO UPDATE SET project = excluded.project, category = excluded.category, content = excluded.content, tags = excluded.tags, createdat = excluded.createdat, local_project_id = excluded.local_project_id;

INSERT INTO codes (record_id, project, name, description, parentcode, colour, createdat, local_project_id, local_code_id) VALUES
('d1tp1_code_theme_evidence_readiness', 'recgdpwEI5hF07bUZ', 'Evidence readiness', 'Aggregate theme for whether evidence is traceable, current and strong enough to support decisions.', '', '#1d70b8ff', '2026-06-03T10:00:00.000Z', 'd04ab32e-6756-408e-a649-6859dd0079f2', 'd1tp1_code_theme_evidence_readiness'),
('d1tp1_code_decision_confidence', 'recgdpwEI5hF07bUZ', 'Decision confidence', 'Interpretive code for how teams judge whether findings are strong enough to act on.', 'd1tp1_code_theme_evidence_readiness', '#1d70b8ff', '2026-06-03T10:05:00.000Z', 'd04ab32e-6756-408e-a649-6859dd0079f2', 'd1tp1_code_decision_confidence'),
('d1tp1_code_provenance_gaps', 'recgdpwEI5hF07bUZ', 'Provenance gaps', 'Descriptive code for missing or unclear origin of evidence, notes or research artefacts.', 'd1tp1_code_decision_confidence', '#1d70b8ff', '2026-06-03T10:10:00.000Z', 'd04ab32e-6756-408e-a649-6859dd0079f2', 'd1tp1_code_provenance_gaps'),
('d1tp1_code_confidence_threshold', 'recgdpwEI5hF07bUZ', 'Confidence threshold', 'Descriptive code for explicit limits on how much confidence a team should place in current evidence.', 'd1tp1_code_decision_confidence', '#1d70b8ff', '2026-06-03T10:15:00.000Z', 'd04ab32e-6756-408e-a649-6859dd0079f2', 'd1tp1_code_confidence_threshold'),
('d1tp1_code_traceable_decisions', 'recgdpwEI5hF07bUZ', 'Traceable decisions', 'Interpretive code for linking choices to evidence, uncertainty and rationale.', 'd1tp1_code_theme_evidence_readiness', '#2b8cc4ff', '2026-06-03T10:20:00.000Z', 'd04ab32e-6756-408e-a649-6859dd0079f2', 'd1tp1_code_traceable_decisions'),
('d1tp1_code_decision_rationale', 'recgdpwEI5hF07bUZ', 'Decision rationale', 'Descriptive code for the stated reason behind a product or research decision.', 'd1tp1_code_traceable_decisions', '#2b8cc4ff', '2026-06-03T10:25:00.000Z', 'd04ab32e-6756-408e-a649-6859dd0079f2', 'd1tp1_code_decision_rationale'),
('d1tp1_code_evidence_handover', 'recgdpwEI5hF07bUZ', 'Evidence handover', 'Descriptive code for packaging findings, gaps and confidence for a decision owner.', 'd1tp1_code_traceable_decisions', '#2b8cc4ff', '2026-06-03T10:30:00.000Z', 'd04ab32e-6756-408e-a649-6859dd0079f2', 'd1tp1_code_evidence_handover'),
('d1tp1_code_theme_operational_rhythm', 'recgdpwEI5hF07bUZ', 'Operational rhythm', 'Aggregate theme for the routines and coordination that make research work manageable.', '', '#00703cff', '2026-06-03T10:35:00.000Z', 'd04ab32e-6756-408e-a649-6859dd0079f2', 'd1tp1_code_theme_operational_rhythm'),
('d1tp1_code_triage_discipline', 'recgdpwEI5hF07bUZ', 'Triage discipline', 'Interpretive code for the rules and judgement used to accept, sequence or defer work.', 'd1tp1_code_theme_operational_rhythm', '#00703cff', '2026-06-03T10:40:00.000Z', 'd04ab32e-6756-408e-a649-6859dd0079f2', 'd1tp1_code_triage_discipline'),
('d1tp1_code_request_intake', 'recgdpwEI5hF07bUZ', 'Request intake', 'Descriptive code for how incoming research requests are captured and assessed.', 'd1tp1_code_triage_discipline', '#00703cff', '2026-06-03T10:45:00.000Z', 'd04ab32e-6756-408e-a649-6859dd0079f2', 'd1tp1_code_request_intake'),
('d1tp1_code_recruitment_constraints', 'recgdpwEI5hF07bUZ', 'Recruitment constraints', 'Descriptive code for limits that shape who can be involved and when sessions can happen.', 'd1tp1_code_triage_discipline', '#00703cff', '2026-06-03T10:50:00.000Z', 'd04ab32e-6756-408e-a649-6859dd0079f2', 'd1tp1_code_recruitment_constraints'),
('d1tp1_code_tool_switching_burden', 'recgdpwEI5hF07bUZ', 'Tool-switching burden', 'Interpretive code for friction caused by moving between tools and rebuilding context.', 'd1tp1_code_theme_operational_rhythm', '#28a197ff', '2026-06-03T10:55:00.000Z', 'd04ab32e-6756-408e-a649-6859dd0079f2', 'd1tp1_code_tool_switching_burden'),
('d1tp1_code_duplicate_updates', 'recgdpwEI5hF07bUZ', 'Duplicate updates', 'Descriptive code for repeated status updates across multiple locations.', 'd1tp1_code_tool_switching_burden', '#28a197ff', '2026-06-03T11:00:00.000Z', 'd04ab32e-6756-408e-a649-6859dd0079f2', 'd1tp1_code_duplicate_updates'),
('d1tp1_code_context_rebuilding', 'recgdpwEI5hF07bUZ', 'Context rebuilding', 'Descriptive code for the effort needed to recover project state after switching tools or time away.', 'd1tp1_code_tool_switching_burden', '#28a197ff', '2026-06-03T11:05:00.000Z', 'd04ab32e-6756-408e-a649-6859dd0079f2', 'd1tp1_code_context_rebuilding'),
('d1tp1_code_theme_reflexive_practice', 'recgdpwEI5hF07bUZ', 'Reflexive practice', 'Aggregate theme for researcher judgement, positionality and ethical pacing.', '', '#4c2c92ff', '2026-06-03T11:10:00.000Z', 'd04ab32e-6756-408e-a649-6859dd0079f2', 'd1tp1_code_theme_reflexive_practice'),
('d1tp1_code_researcher_positionality', 'recgdpwEI5hF07bUZ', 'Researcher positionality', 'Interpretive code for how researcher assumptions and responsibilities shape analysis.', 'd1tp1_code_theme_reflexive_practice', '#4c2c92ff', '2026-06-03T11:15:00.000Z', 'd04ab32e-6756-408e-a649-6859dd0079f2', 'd1tp1_code_researcher_positionality'),
('d1tp1_code_assumption_surfaced', 'recgdpwEI5hF07bUZ', 'Assumption surfaced', 'Descriptive code for moments where a researcher recognises and records an assumption.', 'd1tp1_code_researcher_positionality', '#4c2c92ff', '2026-06-03T11:20:00.000Z', 'd04ab32e-6756-408e-a649-6859dd0079f2', 'd1tp1_code_assumption_surfaced'),
('d1tp1_code_emotional_labour', 'recgdpwEI5hF07bUZ', 'Emotional labour', 'Descriptive code for the personal effort of holding uncertainty, risk or tension in the work.', 'd1tp1_code_researcher_positionality', '#4c2c92ff', '2026-06-03T11:25:00.000Z', 'd04ab32e-6756-408e-a649-6859dd0079f2', 'd1tp1_code_emotional_labour'),
('d1tp1_code_ethical_pacing', 'recgdpwEI5hF07bUZ', 'Ethical pacing', 'Interpretive code for deliberately slowing activity to protect participants or improve judgement.', 'd1tp1_code_theme_reflexive_practice', '#6f72afff', '2026-06-03T11:30:00.000Z', 'd04ab32e-6756-408e-a649-6859dd0079f2', 'd1tp1_code_ethical_pacing'),
('d1tp1_code_pause_for_consent', 'recgdpwEI5hF07bUZ', 'Pause for consent', 'Descriptive code for stopping to review consent, burden or support before contacting participants.', 'd1tp1_code_ethical_pacing', '#6f72afff', '2026-06-03T11:35:00.000Z', 'd04ab32e-6756-408e-a649-6859dd0079f2', 'd1tp1_code_pause_for_consent'),
('d1tp1_code_decision_slowed', 'recgdpwEI5hF07bUZ', 'Decision slowed', 'Descriptive code for deliberately delaying a decision until evidence or consent is stronger.', 'd1tp1_code_ethical_pacing', '#6f72afff', '2026-06-03T11:40:00.000Z', 'd04ab32e-6756-408e-a649-6859dd0079f2', 'd1tp1_code_decision_slowed')
ON CONFLICT(local_code_id) DO UPDATE SET record_id = excluded.record_id, project = excluded.project, name = excluded.name, description = excluded.description, parentcode = excluded.parentcode, colour = excluded.colour, createdat = excluded.createdat, local_project_id = excluded.local_project_id;

INSERT INTO memos (record_id, project, type, title, body, createdat, local_project_id, local_memo_id) VALUES
('d1tp1_memo_001', 'recgdpwEI5hF07bUZ', 'analytical', 'Evidence readiness is the organising problem', 'The journal entries show that evidence quality is not only about producing findings. Confidence depends on provenance, explicit uncertainty and a handover that connects findings to the decision being made.', '2026-06-04T12:30:00.000Z', 'd04ab32e-6756-408e-a649-6859dd0079f2', 'd1tp1_memo_001'),
('d1tp1_memo_002', 'recgdpwEI5hF07bUZ', 'methodological', 'Separate operations tracking from synthesis', 'Recruitment status, scheduling and request intake belong in operational tracking. Codes, memos and journal entries belong in analysis. The product should make the relationship visible without merging the activities.', '2026-06-05T10:45:00.000Z', 'd04ab32e-6756-408e-a649-6859dd0079f2', 'd1tp1_memo_002'),
('d1tp1_memo_003', 'recgdpwEI5hF07bUZ', 'analytical', 'Context rebuilding is a hidden cost', 'Tool switching appears repeatedly with duplicate updates and loss of project state. The strongest design response may be surfacing what changed since the researcher last worked on the project.', '2026-06-06T13:20:00.000Z', 'd04ab32e-6756-408e-a649-6859dd0079f2', 'd1tp1_memo_003'),
('d1tp1_memo_004', 'recgdpwEI5hF07bUZ', 'reflexive', 'Researcher confidence needs permission to be low', 'The entries about uncertainty and emotional labour suggest that researchers need a legitimate way to say evidence is not ready. The platform should support careful delay, not only faster throughput.', '2026-06-07T11:40:00.000Z', 'd04ab32e-6756-408e-a649-6859dd0079f2', 'd1tp1_memo_004'),
('d1tp1_memo_005', 'recgdpwEI5hF07bUZ', 'analytical', 'Co-occurrence should prompt interpretation', 'The co-occurrence graph is useful when it reveals repeated pairings such as confidence threshold with decision slowed, or context rebuilding with duplicate updates. It should send researchers back to the underlying entries rather than imply causal proof.', '2026-06-08T17:05:00.000Z', 'd04ab32e-6756-408e-a649-6859dd0079f2', 'd1tp1_memo_005')
ON CONFLICT(local_memo_id) DO UPDATE SET record_id = excluded.record_id, project = excluded.project, type = excluded.type, title = excluded.title, body = excluded.body, createdat = excluded.createdat, local_project_id = excluded.local_project_id;

INSERT INTO code_applications (record_id, project, entry, code, excerpt, createdat, local_project_id, local_application_id) VALUES
('d1tp1_app_001', 'recgdpwEI5hF07bUZ', 'd1tp1_journal_001', 'd1tp1_code_theme_evidence_readiness', 'People trust findings more when they can see where an observation came from.', '2026-06-03T09:20:00.000Z', 'd04ab32e-6756-408e-a649-6859dd0079f2', 'd1tp1_app_001'),
('d1tp1_app_002', 'recgdpwEI5hF07bUZ', 'd1tp1_journal_001', 'd1tp1_code_decision_confidence', 'People trust findings more when they can see what is still uncertain.', '2026-06-03T09:21:00.000Z', 'd04ab32e-6756-408e-a649-6859dd0079f2', 'd1tp1_app_002'),
('d1tp1_app_003', 'recgdpwEI5hF07bUZ', 'd1tp1_journal_001', 'd1tp1_code_provenance_gaps', 'They can see where an observation came from.', '2026-06-03T09:22:00.000Z', 'd04ab32e-6756-408e-a649-6859dd0079f2', 'd1tp1_app_003'),
('d1tp1_app_004', 'recgdpwEI5hF07bUZ', 'd1tp1_journal_001', 'd1tp1_code_confidence_threshold', 'What is still uncertain and which decision it was meant to support.', '2026-06-03T09:23:00.000Z', 'd04ab32e-6756-408e-a649-6859dd0079f2', 'd1tp1_app_004'),
('d1tp1_app_005', 'recgdpwEI5hF07bUZ', 'd1tp1_journal_002', 'd1tp1_code_theme_operational_rhythm', 'The weekly intake meeting now checks every new research request.', '2026-06-03T14:45:00.000Z', 'd04ab32e-6756-408e-a649-6859dd0079f2', 'd1tp1_app_005'),
('d1tp1_app_006', 'recgdpwEI5hF07bUZ', 'd1tp1_journal_002', 'd1tp1_code_triage_discipline', 'Checks every new research request for the decision it supports.', '2026-06-03T14:46:00.000Z', 'd04ab32e-6756-408e-a649-6859dd0079f2', 'd1tp1_app_006'),
('d1tp1_app_007', 'recgdpwEI5hF07bUZ', 'd1tp1_journal_002', 'd1tp1_code_request_intake', 'Every new research request.', '2026-06-03T14:47:00.000Z', 'd04ab32e-6756-408e-a649-6859dd0079f2', 'd1tp1_app_007'),
('d1tp1_app_008', 'recgdpwEI5hF07bUZ', 'd1tp1_journal_002', 'd1tp1_code_recruitment_constraints', 'The recruitment route and any delivery deadline.', '2026-06-03T14:48:00.000Z', 'd04ab32e-6756-408e-a649-6859dd0079f2', 'd1tp1_app_008'),
('d1tp1_app_009', 'recgdpwEI5hF07bUZ', 'd1tp1_journal_003', 'd1tp1_code_theme_evidence_readiness', 'Coding and memo writing should remain in the analysis space with links back to decisions.', '2026-06-04T10:10:00.000Z', 'd04ab32e-6756-408e-a649-6859dd0079f2', 'd1tp1_app_009'),
('d1tp1_app_010', 'recgdpwEI5hF07bUZ', 'd1tp1_journal_003', 'd1tp1_code_traceable_decisions', 'With links back to decisions.', '2026-06-04T10:11:00.000Z', 'd04ab32e-6756-408e-a649-6859dd0079f2', 'd1tp1_app_010'),
('d1tp1_app_011', 'recgdpwEI5hF07bUZ', 'd1tp1_journal_003', 'd1tp1_code_decision_rationale', 'We decided to keep operations tracking separate from qualitative synthesis.', '2026-06-04T10:12:00.000Z', 'd04ab32e-6756-408e-a649-6859dd0079f2', 'd1tp1_app_011'),
('d1tp1_app_012', 'recgdpwEI5hF07bUZ', 'd1tp1_journal_003', 'd1tp1_code_evidence_handover', 'Analysis space with links back to decisions.', '2026-06-04T10:13:00.000Z', 'd04ab32e-6756-408e-a649-6859dd0079f2', 'd1tp1_app_012'),
('d1tp1_app_013', 'recgdpwEI5hF07bUZ', 'd1tp1_journal_004', 'd1tp1_code_theme_reflexive_practice', 'It slows down the right decisions.', '2026-06-04T16:25:00.000Z', 'd04ab32e-6756-408e-a649-6859dd0079f2', 'd1tp1_app_013'),
('d1tp1_app_014', 'recgdpwEI5hF07bUZ', 'd1tp1_journal_004', 'd1tp1_code_ethical_pacing', 'That slower pace is uncomfortable, but it is also where the quality improves.', '2026-06-04T16:26:00.000Z', 'd04ab32e-6756-408e-a649-6859dd0079f2', 'd1tp1_app_014'),
('d1tp1_app_015', 'recgdpwEI5hF07bUZ', 'd1tp1_journal_004', 'd1tp1_code_decision_slowed', 'It slows down the right decisions.', '2026-06-04T16:27:00.000Z', 'd04ab32e-6756-408e-a649-6859dd0079f2', 'd1tp1_app_015'),
('d1tp1_app_016', 'recgdpwEI5hF07bUZ', 'd1tp1_journal_004', 'd1tp1_code_decision_confidence', 'It is also where the quality improves.', '2026-06-04T16:28:00.000Z', 'd04ab32e-6756-408e-a649-6859dd0079f2', 'd1tp1_app_016'),
('d1tp1_app_017', 'recgdpwEI5hF07bUZ', 'd1tp1_journal_005', 'd1tp1_code_theme_operational_rhythm', 'Recruitment planning exposed a gap.', '2026-06-05T09:35:00.000Z', 'd04ab32e-6756-408e-a649-6859dd0079f2', 'd1tp1_app_017'),
('d1tp1_app_018', 'recgdpwEI5hF07bUZ', 'd1tp1_journal_005', 'd1tp1_code_triage_discipline', 'We added a check for access needs before diary invitations are sent.', '2026-06-05T09:36:00.000Z', 'd04ab32e-6756-408e-a649-6859dd0079f2', 'd1tp1_app_018'),
('d1tp1_app_019', 'recgdpwEI5hF07bUZ', 'd1tp1_journal_005', 'd1tp1_code_recruitment_constraints', 'Participant access needs recorded by delivery teams.', '2026-06-05T09:37:00.000Z', 'd04ab32e-6756-408e-a649-6859dd0079f2', 'd1tp1_app_019'),
('d1tp1_app_020', 'recgdpwEI5hF07bUZ', 'd1tp1_journal_005', 'd1tp1_code_pause_for_consent', 'Practical adjustments researchers need before a session.', '2026-06-05T09:38:00.000Z', 'd04ab32e-6756-408e-a649-6859dd0079f2', 'd1tp1_app_020'),
('d1tp1_app_021', 'recgdpwEI5hF07bUZ', 'd1tp1_journal_006', 'd1tp1_code_theme_operational_rhythm', 'Moving between the project dashboard, notes, spreadsheets and mural boards.', '2026-06-05T13:15:00.000Z', 'd04ab32e-6756-408e-a649-6859dd0079f2', 'd1tp1_app_021'),
('d1tp1_app_022', 'recgdpwEI5hF07bUZ', 'd1tp1_journal_006', 'd1tp1_code_tool_switching_burden', 'Losing the thread when they moved between tools.', '2026-06-05T13:16:00.000Z', 'd04ab32e-6756-408e-a649-6859dd0079f2', 'd1tp1_app_022'),
('d1tp1_app_023', 'recgdpwEI5hF07bUZ', 'd1tp1_journal_006', 'd1tp1_code_context_rebuilding', 'The mental effort of rebuilding context every time.', '2026-06-05T13:17:00.000Z', 'd04ab32e-6756-408e-a649-6859dd0079f2', 'd1tp1_app_023'),
('d1tp1_app_024', 'recgdpwEI5hF07bUZ', 'd1tp1_journal_006', 'd1tp1_code_duplicate_updates', 'The issue is not only tool count.', '2026-06-05T13:18:00.000Z', 'd04ab32e-6756-408e-a649-6859dd0079f2', 'd1tp1_app_024'),
('d1tp1_app_025', 'recgdpwEI5hF07bUZ', 'd1tp1_journal_007', 'd1tp1_code_theme_reflexive_practice', 'I noticed that I was treating missing provenance as a delivery inconvenience.', '2026-06-06T11:50:00.000Z', 'd04ab32e-6756-408e-a649-6859dd0079f2', 'd1tp1_app_025'),
('d1tp1_app_026', 'recgdpwEI5hF07bUZ', 'd1tp1_journal_007', 'd1tp1_code_researcher_positionality', 'I noticed that I was treating missing provenance as a delivery inconvenience.', '2026-06-06T11:51:00.000Z', 'd04ab32e-6756-408e-a649-6859dd0079f2', 'd1tp1_app_026'),
('d1tp1_app_027', 'recgdpwEI5hF07bUZ', 'd1tp1_journal_007', 'd1tp1_code_assumption_surfaced', 'Rather than an analytical risk.', '2026-06-06T11:52:00.000Z', 'd04ab32e-6756-408e-a649-6859dd0079f2', 'd1tp1_app_027'),
('d1tp1_app_028', 'recgdpwEI5hF07bUZ', 'd1tp1_journal_007', 'd1tp1_code_provenance_gaps', 'We cannot tell who contributed an insight or when it was last reviewed.', '2026-06-06T11:53:00.000Z', 'd04ab32e-6756-408e-a649-6859dd0079f2', 'd1tp1_app_028'),
('d1tp1_app_029', 'recgdpwEI5hF07bUZ', 'd1tp1_journal_008', 'd1tp1_code_theme_evidence_readiness', 'High-risk service decisions need an evidence handover note.', '2026-06-06T15:30:00.000Z', 'd04ab32e-6756-408e-a649-6859dd0079f2', 'd1tp1_app_029'),
('d1tp1_app_030', 'recgdpwEI5hF07bUZ', 'd1tp1_journal_008', 'd1tp1_code_traceable_decisions', 'The note should capture the decision, supporting findings, known gaps and confidence.', '2026-06-06T15:31:00.000Z', 'd04ab32e-6756-408e-a649-6859dd0079f2', 'd1tp1_app_030'),
('d1tp1_app_031', 'recgdpwEI5hF07bUZ', 'd1tp1_journal_008', 'd1tp1_code_evidence_handover', 'Need an evidence handover note before they move to implementation.', '2026-06-06T15:32:00.000Z', 'd04ab32e-6756-408e-a649-6859dd0079f2', 'd1tp1_app_031'),
('d1tp1_app_032', 'recgdpwEI5hF07bUZ', 'd1tp1_journal_008', 'd1tp1_code_confidence_threshold', 'The researcher confidence level.', '2026-06-06T15:33:00.000Z', 'd04ab32e-6756-408e-a649-6859dd0079f2', 'd1tp1_app_032'),
('d1tp1_app_033', 'recgdpwEI5hF07bUZ', 'd1tp1_journal_009', 'd1tp1_code_theme_reflexive_practice', 'A short pause before contacting participants.', '2026-06-07T10:15:00.000Z', 'd04ab32e-6756-408e-a649-6859dd0079f2', 'd1tp1_app_033'),
('d1tp1_app_034', 'recgdpwEI5hF07bUZ', 'd1tp1_journal_009', 'd1tp1_code_ethical_pacing', 'The pause gives the researcher time to review consent wording.', '2026-06-07T10:16:00.000Z', 'd04ab32e-6756-408e-a649-6859dd0079f2', 'd1tp1_app_034'),
('d1tp1_app_035', 'recgdpwEI5hF07bUZ', 'd1tp1_journal_009', 'd1tp1_code_pause_for_consent', 'Review consent wording, support options and whether the invitation should be delayed.', '2026-06-07T10:17:00.000Z', 'd04ab32e-6756-408e-a649-6859dd0079f2', 'd1tp1_app_035'),
('d1tp1_app_036', 'recgdpwEI5hF07bUZ', 'd1tp1_journal_009', 'd1tp1_code_recruitment_constraints', 'Participants whose circumstances may make participation burdensome.', '2026-06-07T10:18:00.000Z', 'd04ab32e-6756-408e-a649-6859dd0079f2', 'd1tp1_app_036'),
('d1tp1_app_037', 'recgdpwEI5hF07bUZ', 'd1tp1_journal_010', 'd1tp1_code_theme_operational_rhythm', 'The dashboard is useful when it shows what changed since the last visit.', '2026-06-07T15:00:00.000Z', 'd04ab32e-6756-408e-a649-6859dd0079f2', 'd1tp1_app_037'),
('d1tp1_app_038', 'recgdpwEI5hF07bUZ', 'd1tp1_journal_010', 'd1tp1_code_tool_switching_burden', 'They need a way to re-enter the project.', '2026-06-07T15:01:00.000Z', 'd04ab32e-6756-408e-a649-6859dd0079f2', 'd1tp1_app_038'),
('d1tp1_app_039', 'recgdpwEI5hF07bUZ', 'd1tp1_journal_010', 'd1tp1_code_duplicate_updates', 'Researchers do not need another place to duplicate updates.', '2026-06-07T15:02:00.000Z', 'd04ab32e-6756-408e-a649-6859dd0079f2', 'd1tp1_app_039'),
('d1tp1_app_040', 'recgdpwEI5hF07bUZ', 'd1tp1_journal_010', 'd1tp1_code_context_rebuilding', 'Re-enter the project without reading every artefact again.', '2026-06-07T15:03:00.000Z', 'd04ab32e-6756-408e-a649-6859dd0079f2', 'd1tp1_app_040'),
('d1tp1_app_041', 'recgdpwEI5hF07bUZ', 'd1tp1_journal_011', 'd1tp1_code_theme_reflexive_practice', 'The emotional labour of holding uncertainty.', '2026-06-08T09:55:00.000Z', 'd04ab32e-6756-408e-a649-6859dd0079f2', 'd1tp1_app_041'),
('d1tp1_app_042', 'recgdpwEI5hF07bUZ', 'd1tp1_journal_011', 'd1tp1_code_researcher_positionality', 'Researchers are being asked for certainty before the evidence is ready.', '2026-06-08T09:56:00.000Z', 'd04ab32e-6756-408e-a649-6859dd0079f2', 'd1tp1_app_042'),
('d1tp1_app_043', 'recgdpwEI5hF07bUZ', 'd1tp1_journal_011', 'd1tp1_code_emotional_labour', 'Holding uncertainty for a project team.', '2026-06-08T09:57:00.000Z', 'd04ab32e-6756-408e-a649-6859dd0079f2', 'd1tp1_app_043'),
('d1tp1_app_044', 'recgdpwEI5hF07bUZ', 'd1tp1_journal_011', 'd1tp1_code_confidence_threshold', 'Confidence is not yet high enough.', '2026-06-08T09:58:00.000Z', 'd04ab32e-6756-408e-a649-6859dd0079f2', 'd1tp1_app_044'),
('d1tp1_app_045', 'recgdpwEI5hF07bUZ', 'd1tp1_journal_012', 'd1tp1_code_theme_reflexive_practice', 'Co-occurrence as a prompt for interpretation, not as proof.', '2026-06-08T16:40:00.000Z', 'd04ab32e-6756-408e-a649-6859dd0079f2', 'd1tp1_app_045'),
('d1tp1_app_046', 'recgdpwEI5hF07bUZ', 'd1tp1_journal_012', 'd1tp1_code_researcher_positionality', 'Return to journal entries and memos to check the meaning.', '2026-06-08T16:41:00.000Z', 'd04ab32e-6756-408e-a649-6859dd0079f2', 'd1tp1_app_046'),
('d1tp1_app_047', 'recgdpwEI5hF07bUZ', 'd1tp1_journal_012', 'd1tp1_code_assumption_surfaced', 'The graph should help researchers notice patterns.', '2026-06-08T16:42:00.000Z', 'd04ab32e-6756-408e-a649-6859dd0079f2', 'd1tp1_app_047'),
('d1tp1_app_048', 'recgdpwEI5hF07bUZ', 'd1tp1_journal_012', 'd1tp1_code_decision_slowed', 'Not as proof of a relationship.', '2026-06-08T16:43:00.000Z', 'd04ab32e-6756-408e-a649-6859dd0079f2', 'd1tp1_app_048')
ON CONFLICT(local_application_id) DO UPDATE SET record_id = excluded.record_id, project = excluded.project, entry = excluded.entry, code = excluded.code, excerpt = excluded.excerpt, createdat = excluded.createdat, local_project_id = excluded.local_project_id;
