-- Security review route permission closure.
-- Date: 2026-07-02
-- Scope: fail closed for legacy API routes that previously bypassed the Worker permission gate.

INSERT OR IGNORE INTO auth_permissions (code, label, description, is_sensitive, is_reserved) VALUES
	('project.view', 'View projects', 'Can view project records and project-level research context.', 1, 0),
	('project.manage', 'Manage projects', 'Can create or update project records.', 1, 0),
	('research.content.view', 'View research content', 'Can view journal entries, memos, codes, guides, sessions and analysis.', 1, 0),
	('research.content.manage', 'Manage research content', 'Can create, update or delete journal entries, memos, codes, guides, sessions and analysis.', 1, 0),
	('research.integration.manage', 'Manage research integrations', 'Can use integrations that write or synchronise research data.', 1, 0);

INSERT OR IGNORE INTO auth_role_permissions (role_id, permission_code) VALUES
	('role_researcher', 'project.view'),
	('role_researcher', 'project.manage'),
	('role_researcher', 'research.content.view'),
	('role_researcher', 'research.content.manage'),
	('role_researcher', 'research.integration.manage'),
	('role_research_lead', 'project.view'),
	('role_research_lead', 'project.manage'),
	('role_research_lead', 'research.content.view'),
	('role_research_lead', 'research.content.manage'),
	('role_research_lead', 'research.integration.manage'),
	('role_team_admin', 'project.view'),
	('role_team_admin', 'project.manage'),
	('role_team_admin', 'research.content.view'),
	('role_team_admin', 'research.content.manage'),
	('role_team_admin', 'research.integration.manage');

INSERT OR IGNORE INTO auth_route_permissions (id, method, route_pattern, required_permissions_json, auth_required, implementation_status) VALUES
	('route_api_health_get', 'GET', '/api/health', '[]', 0, 'implemented'),
	('route_api_diag_ping_get', 'GET', '/api/_diag/ping', '[]', 0, 'implemented'),
	('route_api_diag_env_get', 'GET', '/api/_diag/env', '["project.diagnostics.view"]', 1, 'implemented'),
	('route_api_diag_airtable_get', 'GET', '/api/_diag/airtable', '["project.diagnostics.view"]', 1, 'implemented'),
	('route_api_projects_csv_get', 'GET', '/api/projects.csv', '["project.view"]', 1, 'implemented'),
	('route_api_project_details_csv_get', 'GET', '/api/project-details.csv', '["project.view"]', 1, 'implemented'),
	('route_api_studies_csv_get', 'GET', '/api/studies.csv', '["study.view"]', 1, 'implemented'),
	('route_api_projects_get', 'GET', '/api/projects', '["project.view"]', 1, 'implemented'),
	('route_api_projects_post', 'POST', '/api/projects', '["project.manage"]', 1, 'implemented'),
	('route_api_project_get', 'GET', '/api/projects/:id', '["project.view"]', 1, 'implemented'),
	('route_api_project_patch', 'PATCH', '/api/projects/:id', '["project.manage"]', 1, 'implemented'),
	('route_api_ai_rewrite_post', 'POST', '/api/ai-rewrite', '["research.content.manage"]', 1, 'implemented'),
	('route_api_journal_entries_get', 'GET', '/api/journal-entries', '["research.content.view"]', 1, 'implemented'),
	('route_api_journal_entries_post', 'POST', '/api/journal-entries', '["research.content.manage"]', 1, 'implemented'),
	('route_api_journal_entry_get', 'GET', '/api/journal-entries/:id', '["research.content.view"]', 1, 'implemented'),
	('route_api_journal_entry_patch', 'PATCH', '/api/journal-entries/:id', '["research.content.manage"]', 1, 'implemented'),
	('route_api_journal_entry_delete', 'DELETE', '/api/journal-entries/:id', '["research.content.manage"]', 1, 'implemented'),
	('route_api_excerpts_get', 'GET', '/api/excerpts', '["research.content.view"]', 1, 'implemented'),
	('route_api_excerpts_post', 'POST', '/api/excerpts', '["research.content.manage"]', 1, 'implemented'),
	('route_api_excerpt_patch', 'PATCH', '/api/excerpts/:id', '["research.content.manage"]', 1, 'implemented'),
	('route_api_memos_get', 'GET', '/api/memos', '["research.content.view"]', 1, 'implemented'),
	('route_api_memos_post', 'POST', '/api/memos', '["research.content.manage"]', 1, 'implemented'),
	('route_api_memo_patch', 'PATCH', '/api/memos/:id', '["research.content.manage"]', 1, 'implemented'),
	('route_api_memo_delete', 'DELETE', '/api/memos/:id', '["research.content.manage"]', 1, 'implemented'),
	('route_api_code_applications_get', 'GET', '/api/code-applications', '["research.content.view"]', 1, 'implemented'),
	('route_api_codes_get', 'GET', '/api/codes', '["research.content.view"]', 1, 'implemented'),
	('route_api_codes_post', 'POST', '/api/codes', '["research.content.manage"]', 1, 'implemented'),
	('route_api_code_patch', 'PATCH', '/api/codes/:id', '["research.content.manage"]', 1, 'implemented'),
	('route_api_code_delete', 'DELETE', '/api/codes/:id', '["research.content.manage"]', 1, 'implemented'),
	('route_api_analysis_timeline_get', 'GET', '/api/analysis/timeline', '["research.content.view"]', 1, 'implemented'),
	('route_api_analysis_cooccurrence_get', 'GET', '/api/analysis/cooccurrence', '["research.content.view"]', 1, 'implemented'),
	('route_api_analysis_retrieval_get', 'GET', '/api/analysis/retrieval', '["research.content.view"]', 1, 'implemented'),
	('route_api_analysis_export_get', 'GET', '/api/analysis/export', '["research.content.view"]', 1, 'implemented'),
	('route_api_impact_get', 'GET', '/api/impact', '["repository.view"]', 1, 'implemented'),
	('route_api_impact_post', 'POST', '/api/impact', '["repository.curate"]', 1, 'implemented'),
	('route_api_impact_record_get', 'GET', '/api/impact/:id', '["repository.view"]', 1, 'implemented'),
	('route_api_impact_record_patch', 'PATCH', '/api/impact/:id', '["repository.curate"]', 1, 'implemented'),
	('route_api_impact_record_delete', 'DELETE', '/api/impact/:id', '["repository.curate"]', 1, 'implemented'),
	('route_api_guides_get', 'GET', '/api/guides', '["research.content.view"]', 1, 'implemented'),
	('route_api_guides_post', 'POST', '/api/guides', '["research.content.manage"]', 1, 'implemented'),
	('route_api_guide_get', 'GET', '/api/guides/:id', '["research.content.view"]', 1, 'implemented'),
	('route_api_guide_patch', 'PATCH', '/api/guides/:id', '["research.content.manage"]', 1, 'implemented'),
	('route_api_guide_publish_post', 'POST', '/api/guides/:id/publish', '["research.content.manage"]', 1, 'implemented'),
	('route_api_partials_get', 'GET', '/api/partials', '["research.content.view"]', 1, 'implemented'),
	('route_api_partials_post', 'POST', '/api/partials', '["research.content.manage"]', 1, 'implemented'),
	('route_api_partial_get', 'GET', '/api/partials/:id', '["research.content.view"]', 1, 'implemented'),
	('route_api_partial_patch', 'PATCH', '/api/partials/:id', '["research.content.manage"]', 1, 'implemented'),
	('route_api_partial_delete', 'DELETE', '/api/partials/:id', '["research.content.manage"]', 1, 'implemented'),
	('route_api_sessions_get', 'GET', '/api/sessions', '["research.content.view"]', 1, 'implemented'),
	('route_api_sessions_post', 'POST', '/api/sessions', '["research.content.manage"]', 1, 'implemented'),
	('route_api_session_get', 'GET', '/api/sessions/:id', '["research.content.view"]', 1, 'implemented'),
	('route_api_session_patch', 'PATCH', '/api/sessions/:id', '["research.content.manage"]', 1, 'implemented'),
	('route_api_session_ics_get', 'GET', '/api/sessions/:id/ics', '["research.content.view"]', 1, 'implemented'),
	('route_api_session_notes_get', 'GET', '/api/session-notes', '["research.content.view"]', 1, 'implemented'),
	('route_api_session_notes_post', 'POST', '/api/session-notes', '["research.content.manage"]', 1, 'implemented'),
	('route_api_session_note_patch', 'PATCH', '/api/session-notes/:id', '["research.content.manage"]', 1, 'implemented'),
	('route_api_comms_send_post', 'POST', '/api/comms/send', '["research.content.manage"]', 1, 'implemented'),
	('route_api_agent_pages_deploy_post', 'POST', '/api/agent-pages/deploy', '[]', 0, 'implemented'),
	('route_api_mural_auth_get', 'GET', '/api/mural/auth', '["research.integration.manage"]', 1, 'implemented'),
	('route_api_mural_callback_get', 'GET', '/api/mural/callback', '[]', 0, 'implemented'),
	('route_api_mural_verify_get', 'GET', '/api/mural/verify', '["research.integration.manage"]', 1, 'implemented'),
	('route_api_mural_resolve_get', 'GET', '/api/mural/resolve', '["research.integration.manage"]', 1, 'implemented'),
	('route_api_mural_setup_post', 'POST', '/api/mural/setup', '["research.integration.manage"]', 1, 'implemented'),
	('route_api_mural_find_get', 'GET', '/api/mural/find', '["research.integration.manage"]', 1, 'implemented'),
	('route_api_mural_await_get', 'GET', '/api/mural/await', '["research.integration.manage"]', 1, 'implemented'),
	('route_api_mural_journal_sync_post', 'POST', '/api/mural/journal-sync', '["research.integration.manage"]', 1, 'implemented'),
	('route_api_mural_workspaces_get', 'GET', '/api/mural/workspaces', '["research.integration.manage"]', 1, 'implemented'),
	('route_api_mural_me_get', 'GET', '/api/mural/me', '["research.integration.manage"]', 1, 'implemented'),
	('route_api_mural_debug_env_get', 'GET', '/api/mural/debug-env', '["project.diagnostics.view"]', 1, 'implemented');
